"id","text","answer","category_id","timesend","bonus","img"
"1","Собака плывет против течения реки. Определите скорость собаки относительно берега, если её скорость относительно воды 0,4 м/с, а скорость течения реки 0,3 м/с. Ответ дайте в м/c.","0,1","1","2022-09-12 08:01:01",,
"2","Велосипедист ехал из пункта А в пункт Б со скоростью 18 км/ч. Обратная дорога оказалась в гору, и он ехал вдвое медленнее. Какова средняя путевая скорость велосипедиста за всё время движения? Ответ дайте в км/ч.","12","1","2022-09-08 21:51:45",,
"3","Тело движется равноускоренно и прямолинейно. За три секунды модуль скорости тела увеличился от 3 до 12 м/с. Определите ускорение тела. Ответ дайте в м/с^2.","3","1","2022-09-11 20:01:01",,
"4","Тело движется c ускорением, постоянным по модулю и направлению. За первые три секунды движения скорость тела увеличилась от 3 до 11 м/с. Какой путь при этом прошло тело? Ответ дайте в м.","21","1","2022-09-17 08:01:01",,
"5","По графику зависимости проекции скорости от времени определите проекцию ускорения тела в интервале 1 до 1,5 с. Ответ дайте в м/c^2.","-8","1","2022-09-13 08:01:00",,"https://ons.ort.ru/botphizika/teacher/uploads/1661876966.jpg"
"6","По графику зависимости проекции скорости от времени определите модуль ускорения тела в интервале 0 до 0,5 с. Ответ дайте в м/c^2.","8","1","2022-09-11 08:01:01",,"https://ons.ort.ru/botphizika/teacher/uploads/1661877531.jpg"
"8","По графику зависимости проекции скорости от времени определите модуль скорости тела в момент времени 3с. Ответ дайте в м/c
","6","1","2022-09-10 08:01:01",,"https://ons.ort.ru/botphizika/teacher/uploads/1661877681.jpg"
"9","Улитка проползла 8 м строго на север, а затем 6 м строго на запад. Определите модуль перемещения улитки в метрах.","10","1","2022-09-29 20:01:01",,"https://ons.ort.ru/botphizika/teacher/uploads/1661878183.jpg"
"10","По графику зависимости проекции скорости от времени определите путь, пройденный телом за первые полсекунды движения. Ответ дайте в м.","1","1","2022-09-12 20:01:00",,"https://ons.ort.ru/botphizika/teacher/uploads/1661878523.jpg"
"11","Два камня подбросили вертикально вверх с поверхности Земли. Один из них достиг высоты 5 м, а другой - высоты 7 м. После этого камни упали на Землю. Определите, на сколько различаются пройденные камнями пути. Ответ дайте в метрах.","4","1","2022-09-10 20:01:01",,
"12","В начальный момент времени тело движется по окружности радиусом 3 м. Чему равен путь, пройденный телом, в момент, когда перемещение тела по модулю равно диаметру? Ответ дайте в метрах и округлите до сотых.","9,42","1","2022-09-08 08:01:02",,
"13","На рисунке представлен график зависимости скорости тела от времени. Определите путь, пройденный телом за первую секунду движения. Ответ дайте в м.","5","1","2022-10-13 20:01:01",,"https://ons.ort.ru/botphizika/teacher/uploads/1662447350.jpg"
"14","На рисунке представлен график зависимости скорости тела от времени. Определите путь, пройденный телом за первые три секунды движения.","25","1","2022-09-09 20:01:01",,"https://ons.ort.ru/botphizika/teacher/uploads/1662447396.jpg"
"15","На рисунке представлен график зависимости пути, пройденного телом, от времени. Определите скорость тела в интервале от 3 до 5 с. Ответ дайте в м/c.","2,5","1","2022-09-30 20:01:00",,"https://ons.ort.ru/botphizika/teacher/uploads/1662447603.jpg"
"16","Скорость моторной лодки относительно воды 40 км/ч, а скорость течения реки 4 км/ч. Лодка проходит 6 км по течению реки, а затем возвращается в обратно. Каково всё время движения лодки? Ответ дайте в минутах и округлите до целых.","18","1","2022-09-09 08:01:01",,
"17","Температура куска металла с удельной теплоёмкостью 900 Дж/(кг∙°С) понизилась со 120 °С до 30 °С. При этом выделилось количество теплоты, равное 121,5 кДж. Чему равна масса этого куска металла? Дайте ответ в кг.","1,5","2","2022-09-19 20:01:01",,
"18","В цилиндре под поршнем находилось твёрдое вещество. Цилиндр поставили в печь. Сначала цилиндр нагревали, а затем начали охлаждать. На рисунке схематично показан график изменения температуры вещества t от времени ԏ. Соотнесите процессы с участками графика AB, BC, CD, DE, EF. Ответ дайте в виде последовательности цифр без пробелов (например: 43152).

1 - кипение
2 - нагревание твёрдого вещества
3 - нагревание жидкости
4 - плавление
5 - нагревание пара
","24315","2","2022-09-14 20:01:01",,"https://ons.ort.ru/botphizika/teacher/uploads/1663059980.jpg"
"19","В цилиндре под поршнем находилось твёрдое вещество. Цилиндр поставили в печь. Сначала цилиндр нагревали, а затем начали охлаждать. На рисунке схематично показан график изменения температуры вещества t от времени ԏ. Соотнесите процессы с участками графика FG, GH, HK, KL, LM. Ответ дайте в виде последовательности цифр без пробелов (например: 43152).

1 - конденсация 
2 - кристаллизация
3 - охлаждение жидкости
4 - ожлаждение твёрдого тела
5 - охлаждение пара","51324","2","2022-09-15 20:01:01",,"https://ons.ort.ru/botphizika/teacher/uploads/1663060092.jpg"
"20","Определите, каким должно быть отношение масс медного и свинцового тел, чтобы при получении одного и того же количества теплоты они нагрелись на одно и то же количество градусов. Ответ округлите до сотых.
","0,34","2","2022-09-17 20:01:01",,"https://ons.ort.ru/botphizika/teacher/uploads/1663060851.jpg"
"21","Для твёрдого тела массой 2 кг имеется график зависимости температуры от отданного им количества теплоты. Какова удельная теплоёмкость вещества этого тела? Ответ дайте в единицах СИ.","1000","2","2022-09-26 20:01:01",,"https://ons.ort.ru/botphizika/teacher/uploads/1663061319.jpg"
"22","Зависимость температуры первоначально газообразного вещества от количества выделенной им теплоты показана на рисунке. Определите удельную теплоту парообразования данного вещества, если его масса составляет 3 кг. Ответ дайте в единицах СИ.","2000","2","2022-09-13 20:01:02",,"https://ons.ort.ru/botphizika/teacher/uploads/1663061881.jpg"
"23","Температура алюминиевой детали массой 1,5 кг увеличилась от 200 °С до 500 °С. Определите, какое количество энергии получила деталь. Ответ дайте в кДж.","405","2","2022-09-18 20:01:01",,"https://ons.ort.ru/botphizika/teacher/uploads/1663062203.jpg"
"24","Температура чугунного изделия уменьшилась на 600 °С. Определите, какое количество теплоты выделилось при этом, если масса изделия составляет 4,5 кг. Ответ дайте в кДж.","1350","2","2022-09-25 08:01:02",,"https://ons.ort.ru/botphizika/teacher/uploads/1663062353.jpg"
"25","Для определения удельной теплоёмкости вещества тело массой 350 г, нагретое до температуры 100 °С, опустили в калориметр, содержащий 200 г воды. Начальная температура калориметра с водой 23 °С. После установления теплового равновесия температура тела и воды стала равна 30 °С. Определите удельную теплоёмкость вещества исследуемого тела. Ответ дайте в единицах СИ. Теплоёмкость калориметра не учитывать.","240","2","2022-09-23 20:01:01",,"https://ons.ort.ru/botphizika/teacher/uploads/1663062845.jpg"
"26","Тело, нагретое до температуры 100 °С, опустили в калориметр, содержащий 150 г воды. Начальная температура калориметра с водой 15 °С. После установления теплового равновесия температура тела и воды стала равна 22 °С. Определите массу тела, если удельная теплоёмкость вещества, из которого оно сделано, равна 140 Дж/(кг∙К). Теплоёмкостью калориметра пренебречь. Ответ выразите в граммах, округлив до целых.","404","2","2022-09-28 08:01:00",,
"27","На рисунке представлен график зависимости проекции скорости тела от времени. Определите проекцию ускорения тела в интервале времени от 5 до 10 с.","-2,5","1","2022-09-16 08:01:01",,"https://ons.ort.ru/botphizika/teacher/uploads/1663063444.jpg"
"28","Кусок льда опустили в термос с водой. Начальная температура льда 0 °C. Начальная температура воды 30 °C. Теплоёмкостью термоса можно пренебречь. При переходе к тепловому равновесию часть льда массой 210 г растаяла. Чему равна исходная масса воды в термосе? Ответ выразите в граммах.","550","2","2022-09-16 20:01:01",,"https://ons.ort.ru/botphizika/teacher/uploads/1663063745.jpg"
"29","На рисунке представлен график зависимости пути, пройденного материальной точкой, от времени. Определите модуль скорости точки в интервале от 1 до 2 с. Ответ дайте в м/c.","2,5","1","2022-10-24 20:01:00",,"https://ons.ort.ru/botphizika/teacher/uploads/1663063942.jpg"
"30","На рисунке показан график зависимости температуры кристаллического вещества от времени его нагревания. Каждую минуту к веществу подводят 3 кДж теплоты. Какое количество теплоты нужно сообщить веществу, нагретому до температуры плавления, чтобы его полностью расплавить? Ответ дайте в кДж.","30","2","2022-09-22 08:01:01",,"https://ons.ort.ru/botphizika/teacher/uploads/1663064237.jpg"
"31","На рисунке приведён график зависимости проекции скорости тела от времени. Определите путь, пройденный телом в интервале от 10 до 15 с. Ответ дайте в метрах.","50","1","2022-10-03 08:01:02",,"https://ons.ort.ru/botphizika/teacher/uploads/1663064370.jpg"
"32","На рисунке показана зависимость координаты тела от времени. Определите максимальное значение модуля мгновенной скорости.","3","1","2022-10-06 08:01:02",,"https://ons.ort.ru/botphizika/teacher/uploads/1663064711.jfif"
"33","На рисунке показана зависимость координаты тела от времени. Определите среднюю скорость тела за первые 8 секунд движения. Ответ дайте в СИ.","1,5","1","2022-09-20 08:01:00",,"https://ons.ort.ru/botphizika/teacher/uploads/1663064832.jfif"
"34","Зависимость координаты материальной точки от времени в системе СИ выражается законом: x = - 8t + t^2. В какой момент скорость точки равна нулю? Ответ дайте в секундах.","4","1","2022-09-24 20:01:02",,
"35","Проекции скорости материальной точки на оси ОX и OY изменяются согласно уравнениям:
Vx = -5 + 3t
Vy = 4t

Чему равен модуль ускорения точки в м/c^2?","5","1","2022-09-15 08:01:01",,
"36","Координата тела, движущегося вдоль оси ОX, изменяется по закону x = 8 + 3t - 2t^2. Все величины выражены в СИ. Определите проекцию скорости тела на ось ОХ в момент времени 3 с.","-9","1","2022-09-19 08:01:01",,
"37","Определите начальную скорость тела, брошенного вертикально вниз, если в момент падения оно имеет скорость 25 м/с. Время падения составило 2 с. Ускорение свободного падения принять равным 10 м/с^2. Ответ дайте в м/с.","5","1","2022-09-18 08:01:01",,
"38","Тело брошено вертикально вверх с начальной скоростью 5 м/с. Через какое время оно достигнет максимальной высоты? Ответ запишите в СИ, округлив до десятых.","0,5","1","2022-09-14 08:01:01",,
"39","Необходимо экспериментально изучить зависимость выталкивающей силы, действующей на тело, погружённое в жидкость, от плотности жидкости. Какие две установки следует использовать для проведения такого исследования? В ответе запишите две цифры. ","15","3","2022-10-01 08:01:01",,"https://ons.ort.ru/botphizika/teacher/uploads/1663662508.jpg"
"40","Тело массой m и объёмом V плавает, частично погрузившись в жидкость плотностью ρ. Установите соответствие между физическими величинами и формулами, по которым их можно рассчитать. В ответе запишите две цифры.
А) модуль действующей на тело выталкивающей силы
Б) объём погруженной части тела

1 - ρgh
2 - mg
3 - ρgV
4 - m/ρ","24","3","2022-09-21 08:01:01",,
"41","Открытый сосуд с подсолнечным маслом находится при нормальном атмосферном давлении. Определите давление в сосуде на глубине 1,4 м. Ответ выразите в килопаскалях (кПа). Нормальное атмосферное давление примите равным 10^5 Па, g = 10 м/с^2.","112,6","3","2022-10-05 08:01:01",,"https://ons.ort.ru/botphizika/teacher/uploads/1663663162.jpg"
"42","Необходимо экспериментально установить наличие зависимости давления в жидкости от глубины погружения в неё. Для измерения давления используется маленький датчик, который при помощи длинного прямого щупа можно погружать в разные сосуды с разными жидкостями. Результаты измерения давления фиксируются при помощи электронного манометра, соединённого с датчиком.

Какие два эксперимента следует провести для установления указанной зависимости? В ответе запишите номера экспериментов.","12","3","2022-10-03 20:01:01",,"https://ons.ort.ru/botphizika/teacher/uploads/1663663364.jpg"
"43","Необходимо экспериментально установить наличие зависимости давления в жидкости от плотности жидкости.  Для измерения давления используется маленький датчик, который при помощи длинного прямого щупа можно погружать в разные сосуды с разными жидкостями. Результаты измерения давления фиксируются при помощи электронного манометра, соединённого с датчиком.

Какие два эксперимента следует провести для установления указанной зависимости? В ответе запишите номера экспериментов слитно без пробела.","13","3","2022-09-30 08:01:00",,"https://ons.ort.ru/botphizika/teacher/uploads/1663663433.jpg"
"44","В сосуд высотой 1,5 м налита некая жидкость, уровень которой ниже края сосуда на 10 см. Давление жидкости на дно сосуда — 15 кПа. Определите плотность жидкости в СИ, округлив ответ до целых. 

Атмосферное давление не учитывать. Ускорение свободного падения принять равным 10 м/с^2.","1071","3","2022-10-02 08:01:01",,
"45","Рассчитайте глубину озера, если максимальное давление, оказываемое на дно при нормальном атмосферном давлении составляет 3*10^5 Па? Ответ дайте в CИ. ","20","3","2022-09-28 20:01:01",,"https://ons.ort.ru/botphizika/teacher/uploads/1663663738.jpg"
"46","В каком из сосудов давление на дно максимально?","3","3","2022-09-25 20:01:01",,"https://ons.ort.ru/botphizika/teacher/uploads/1663663906.png"
"47","В каком из сосудов сила гидростатического давления на дно максимальна?","4","3","2022-09-27 08:01:02",,"https://ons.ort.ru/botphizika/teacher/uploads/1663664000.png"
"48","Из приведённых графиков выберите тот, который отображает зависимость модуля скорости материальной точки от времени при торможении с постоянным ускорением.","1","1","2022-10-18 20:01:01",,"https://ons.ort.ru/botphizika/teacher/uploads/1663664482.png"
"49","Из приведённых графиков выберите тот, который отображает зависимость высоты столба жидкости от ее плотности в сообщающихся сосудах, в которые налиты две жидкости с разной плотностью.","5","3","2022-09-24 08:01:02",,"https://ons.ort.ru/botphizika/teacher/uploads/1663664557.png"
"50","Из приведённых графиков выберите тот, который отображает зависимость модуля ускорения тела от времени при равноускоренном движении."," 3","1","2022-09-27 20:01:01",,"https://ons.ort.ru/botphizika/teacher/uploads/1663664797.png"
"51","Из приведённых графиков выберите тот, который отображает зависимость проекции скорости Vx материальной точки от времени при равномерном движении против оси Х.","1","1","2022-09-21 20:01:01",,"https://ons.ort.ru/botphizika/teacher/uploads/1663664892.png"
"52","Из приведённых графиков выберите тот, который будет отображать зависимость пути от времени при равноускоренном движении.","2","1","2022-10-08 20:01:01",,"https://ons.ort.ru/botphizika/teacher/uploads/1663664978.png"
"53","Из приведённых графиков выберите тот, который отображает зависимость модуля перемещения тела от времени при прямолинейном равномерном движении.","5","1","2022-09-26 08:01:01",,"https://ons.ort.ru/botphizika/teacher/uploads/1663665084.png"
"54","Из приведённых графиков выберите тот, который отображает зависимость силы Архимеда от плотности жидкости.","4","3","2022-09-22 20:01:01",,"https://ons.ort.ru/botphizika/teacher/uploads/1663665199.png"
"55","Из приведённых графиков выберите тот, который отображает зависимость силы Архимеда, действующей на тело, от объёма погруженной части тела.","4","3","2022-09-29 08:01:00",,"https://ons.ort.ru/botphizika/teacher/uploads/1663665256.png"
"56","Из приведённых графиков выберите тот, который отображает зависимость модуля перемещения материальной точки от времени при прямолинейном равноускоренном движении из состояния покоя.","2","1","2022-09-23 08:01:01",,"https://ons.ort.ru/botphizika/teacher/uploads/1663665324.png"
"57","Из приведённых графиков выберите тот, который отображает зависимость температуры тела, взятого при температуре плавления, от времени прохождения процесса плавления.","3","2","2022-09-20 20:01:01",,"https://ons.ort.ru/botphizika/teacher/uploads/1663665408.png"
"58","Из приведённых графиков выберите тот, который отображает зависимость проекции скорости тела, брошенного вертикально вверх, от времени в начале подъёма.","1","1","2022-10-14 08:01:01",,"https://ons.ort.ru/botphizika/teacher/uploads/1663665574.png"
"59","Из приведённых графиков выберите тот, который отображает зависимость давления, оказываемого на опору, от площади опоры.","2","3","2022-10-08 08:01:02",,"https://ons.ort.ru/botphizika/teacher/uploads/1663665648.png"
"60","На графике представлена зависимость скорости автомобиля от времени при движении по прямолинейной улице. Чему равен максимальный модуль ускорения? Ответ выразите в метрах на секунду в квадрате.","1","1","2022-10-15 08:01:01",,"https://ons.ort.ru/botphizika/teacher/uploads/1663665916.png"
"61","На графике представлена зависимость скорости автомобиля от времени при движении по прямолинейной улице. Чему равен минимальный модуль ускорения? Ответ выразите в метрах на секунду в квадрате.","0,25","1","2022-10-16 08:01:02",,"https://ons.ort.ru/botphizika/teacher/uploads/1663665965.png"
"63","На графике представлена зависимость скорости автомобиля от времени при движении по прямолинейной улице. Определите проекцию ускорения в интервале времени от 40 до 60 с. Ответ выразите в метрах на секунду в квадрате.","-0,5","1","2022-10-23 20:01:01",,"https://ons.ort.ru/botphizika/teacher/uploads/1663666052.png"
"64","На рисунке представлен график зависимости модуля скорости автомобиля от времени. Определите путь, пройденный автомобилем за первую секунду движения. Ответ дайте в СИ.","5","1","2022-10-11 20:01:01",,"https://ons.ort.ru/botphizika/teacher/uploads/1663666528.jpg"
"65","На рисунке представлен график зависимости модуля сокрости автомобиля от времени. Определите путь, пройденный автомобилем за две последние секунды движения. Ответ дайте в СИ.","10","1","2022-10-01 20:01:01",,"https://ons.ort.ru/botphizika/teacher/uploads/1663666564.jpg"
"66","На рисунке представлен график зависимости модуля сокрости автомобиля от времени. Определите путь, пройденный автомобилем за всё время движения. Ответ дайте в СИ.","35","1","2022-09-28 20:38:54",,"https://ons.ort.ru/botphizika/teacher/uploads/1663666602.jpg"
"67","На рисунке представлен график зависимости модуля скорости автомобиля от времени. Определите ускорение тела в первую секунду. Ответ дайте в СИ.","10","1","2022-10-18 08:01:01",,"https://ons.ort.ru/botphizika/teacher/uploads/1663666631.jpg"
"68","Тело брошено под углом α к горизонту с горизонтальной поверхности Земли со скоростью v. Оно поднимается на максимальную высоту h над земной поверхностью, а затем падает на землю. Установите соответствие между физическими величинами и формулами, по которым их можно определить. Ответ дайте в виде последовательности трёх цифр.

а) максимальная дальность полёта
б) максимальная высота подъёма
в) модуль горизонтальной проекции скорости тела в верхней точке траектории","314","1","2022-10-04 20:01:00",,"https://ons.ort.ru/botphizika/teacher/uploads/1664701134.jpg"
"69","Спортсмен поднимает вверх гирю массой 10 кг, действуя на неё с постоянной силой 130 Н, направленной вертикально вверх. Чему равна равнодействующая сил, действующих на гирю? Ответ дайте в СИ.","30","4","2022-10-07 08:01:01",,
"70","Спортсмен поднимает вверх гирю массой 10 кг, действуя на неё с силой 130 Н. Чему равно ускорение гири? Ответ дайте в СИ.","3","4","2022-10-05 20:01:00",,
"71","Скорость тела массой 0,5 кг равна 3 м/с. Какова его кинетическая энергия? Ответ дайте в Джоулях.","2,25","4","2022-10-04 08:01:01",,
"72","Кинетическая энергия тела составляет 18 Дж, если тело движется со скоростью 3 м/с. Какова масса тела в кг?","4","4","2022-10-02 20:01:01",,
"73","На рисунке показан график зависимости координаты тела, движущегося вдоль оси x, от времени t. Установите соответствия между графиками А, Б и физическими величинами, зависимости которых они могут представлять. Ответ дайте в виде двух цифр.

1) проекция ускорения тела на ось x
2) кинетическая энергия тела
3) проекция скорости на ось x
4) модуль ускорения тела
5) модуль импульса тела","23","1","2022-10-10 20:01:02",,"https://ons.ort.ru/botphizika/teacher/uploads/1664903957.png"
"74","Одной и той же жидкостью заполнили три сосуда разной формы. В каком соотношении находятся давления на дно сосудов?

1) P1 > P3 > P2
2) P1 = P3 > P2
3) P1 = P2 = P3
4) P1 = P3 < P2
5) P1 > P2 > P3","3","3","2022-10-09 08:01:02",,"https://ons.ort.ru/botphizika/teacher/uploads/1664904170.png"
"75","Две материальные точки начинают движение из начала отсчёта вдоль оси OX в противоположных направлениях. На графике изображены зависимости проекций их скоростей Vx от времени t. Чему будет равно расстояние между точками через 4 с после начала движения? Ответ дайте в метрах.","10","1","2022-10-17 20:01:01",,"https://ons.ort.ru/botphizika/teacher/uploads/1664904514.jpg"
"76","Два мотоцикла движутся навстречу друг другу. Зависимость расстояния между ними от времени отображена на графике. Определите скорость движения первого мотоцикла, если второй движется со скоростью 25 м/c. Ответ дайте в СИ.
","15","1","2022-10-14 20:01:01",,"https://ons.ort.ru/botphizika/teacher/uploads/1664904853.jpg"
"77","Два мотоцикла движутся навстречу друг другу. Зависимость расстояния между ними от времени отображена на графике. Определите скорость движения первого мотоцикла в системе отсчёта, связанной со вторым мотоциклом. Ответ дайте в км/ч.","144","1","2022-10-21 20:01:01",,"https://ons.ort.ru/botphizika/teacher/uploads/1664904937.jpg"
"78","Деревянный кубик имеет ребро 2 см. Определите архимедову силу, действующую на этот кубик при полном погружении в воду. Ответ дайте в ньютонах.","0,08","3","2022-10-06 20:01:01",,"https://ons.ort.ru/botphizika/teacher/uploads/1664905273.jpg"
"79","Из окна со скоростью 10 м/с была горизонтально брошена монета. Дальность полета полёта монеты оказалась равна высоте бросания. Определите время полёта монеты в секундах.","2","1","2022-10-16 20:01:00",,
"80","С отвесной скалы со скоростью 15 м/с был горизонтально брошен камень. Дальность полета камня оказалась равна высоте бросания. Определите высоту скалы в метрах.","45","1","2022-10-07 20:01:00",,
"81","В какой ситуации сила, действующая со стороны воды на кубик, будет максимальной? Если кубик касается дна или стенки сосуда, вода под него не подтекает.","4","3","2022-10-11 08:01:00",,"https://ons.ort.ru/botphizika/teacher/uploads/1664907205.jpg"
"82","Радиус мяча составляет 10 см. Определите действующую на него выталкивающую силу, если в воду погружена треть его объёма. Ответ дайте в СИ, округлив до целых.","42","3","2022-10-10 08:01:02",,"https://ons.ort.ru/botphizika/teacher/uploads/1664907904.jpg"
"83","Автомобиль движется по закруглению дороги радиусом 20 м со скоростью 30 м/с. Определите его центростремительное ускорение. Ответ дайте в СИ.","45","1","2022-10-27 20:01:01",,
"84","Период обращения колёс робота-тележки составляет 0,75 с. Диаметр колеса равен 5 см. Рассчитайте линейную скорость точек обода колеса. Ответ дайте в СИ, округлив до сотых.","0,21","1","2022-10-17 08:01:01",,
"85","Материальная точка движется по окружности, радиус которой равен 4 м. Определите центростремительное ускорение точки в момент времени t=3 с, используя график зависимости скорости точки от времени. Ответ дайте в СИ.","9","1","2022-10-15 20:01:01",,"https://ons.ort.ru/botphizika/teacher/uploads/1665302960.png"
"86","Металлический шар подвешен на нити длиной 1,6 м. Шар отвели в сторону и отпустили. Нижнюю точку траектории он проходит со скоростью 2 м/с. Найдите центростремительное ускорение шара в этой точке в СИ. ","2,5","1","2022-10-19 20:01:01",,
"87","Материальная точка движется по окружности, центр которой расположен в начале координат. Зависимость координаты токи x от времени указана на графике. Определите угловую скорость точки в рад/с. Ответ округлите до сотых.","0,52","1","2022-10-26 20:01:00",,"https://ons.ort.ru/botphizika/teacher/uploads/1665303414.png"
"88","Груз, прикреплённый к пружине, совершает колебания вдоль оси х. Зависимость координаты от времени для груза указана на графике. Определите амплитуду колебаний груза в метрах.","0,04","1","2022-10-20 20:01:01",,"https://ons.ort.ru/botphizika/teacher/uploads/1665303534.png"
"89","Груз, прикреплённый к пружине, совершает колебания вдоль оси х. Зависимость координаты от времени для груза указана на графике. Определите проекцию скорости груза на ось x в момент времени 3 с. Ответ дайте в СИ, округлив до сотых.","-0,02","1","2022-10-22 20:01:01",,"https://ons.ort.ru/botphizika/teacher/uploads/1665303846.png"
"90","Математический маятник совершает малые колебания около положения равновесия вдоль оси x. Имеются графики зависимости координаты и проекции скорости от времени. Определите циклическую частоту колебаний маятника в рад/c.","20","1","2022-10-12 20:01:02",,"https://ons.ort.ru/botphizika/teacher/uploads/1665304129.png"
"91","Математический маятник совершает малые колебания около положения равновесия вдоль оси x. Имеются графики зависимости координаты и проекции скорости от времени. Определите период колебаний маятника в секундах.","0,314","1","2022-10-12 08:01:01",,"https://ons.ort.ru/botphizika/teacher/uploads/1665304243.png"
"92","Математический маятник совершает малые колебания около положения равновесия вдоль оси x. Имеются графики зависимости координаты и проекции скорости от времени. Определите максимальное ускорение маятника в СИ.","8","1","2022-10-09 20:01:01",,"https://ons.ort.ru/botphizika/teacher/uploads/1665304336.png"
"93","Радиус окружности, описываемой концом минутной стрелки, в 3 раза больше радиуса окружности, описываемой концом секундной стрелки механических часов. Чему равно отношение модуля вектора средней
скорости конца минутной стрелки к модулю вектора средней скорости конца секундной стрелки?","0,05","1","2022-10-13 08:01:01",,
"94","Первый искусственный спутник Земли, принадлежащий Эфиопии, имеет радиус орбиты 627 км. Он запущен в 2020 году и имеет имя ETRSS-1. Определите линейную скорость движения по орбите спутника ETRSS-1, если период его обращения равен 97 минут. Ответ дайте в СИ, округлив до целых.","677","1","2022-10-25 20:01:01",,"https://ons.ort.ru/botphizika/teacher/uploads/1665600475.jfif"
"95","Определите импульс автомобиля массой 1,5 т, движущегося со скоростью 72 км/ч. Ответ выразите в СИ.","30000","4","2022-10-21 08:01:01",,
"96","Определите импульс силы, если её значение равно 15 Н, а время действия составляет 0,5 мин. Ответ дайте в СИ.","450","4","2022-10-20 08:01:01",,
"97","Из приведённых графиков выберите тот, который соответствует зависимости кинетической энергии тела от его массы.","5","4","2022-10-19 08:01:01",,"https://ons.ort.ru/botphizika/teacher/uploads/1666117685.jpg"
"98","Из приведённых графиков выберите тот, который соответствует зависимости кинетической энергии тела от его скорости.","1","4","2022-10-25 08:01:01",,"https://ons.ort.ru/botphizika/teacher/uploads/1666117715.jpg"
"99","Будем считать Землю инерциальной системой отсчёта. Среди перечисленных систем отсчёта выберите те, которые можно считать инерциальными.

1) лифт, движущийся равноускоренно вверх
2) свободно падающее тело
3) равномерно и прямолинейно движущийся автобус
4) пароход, плывущий по реке равномерно и прямолинейно
5) лифт, движущийся равномерно вниз
6) дерево у дороги
7) берег реки

Ответ дайте в виде последовательности цифр.","34567","4","2022-10-22 08:01:01",,
"100","Под действием постоянной силы, равной 10 Н, тело движется прямолинейно. Зависимость координаты тела от времени описывается уравнением х = 8 - 5t - t^2. Какова масса тела?","20","4","2022-11-09 20:01:01",,
"101","Определите значение равнодействующей трёх сил, ответ дайте в СИ, округлив до десятых.","5,4","4","2022-10-28 08:01:01",,"https://ons.ort.ru/botphizika/teacher/uploads/1666431030.jpg"
"102","Определите модуль равнодействующей четырёх сил. Ответ дайте в СИ, округлив до целых.","5","4","2022-10-23 08:01:01",,"https://ons.ort.ru/botphizika/teacher/uploads/1666431240.jpg"
"103","Определите модуль равнодействующей двух сил. Ответ дайте в ньютонах.","30","4","2022-10-26 08:01:01",,"https://ons.ort.ru/botphizika/teacher/uploads/1666551517.jpg"
"104","Брусок массой M = 8 кг удерживается силой F при помощи невесомой и нерастяжимой нити, перекинутой через блок. Определите значение силы F. Трение не учитывать.","40","4","2022-11-10 08:01:00",,"https://ons.ort.ru/botphizika/teacher/uploads/1666552099.jpg"
"105","Определите ускорение бруска массой M = 3 кг, если F = 21 Н. Трение не учитывать. Ответ выразите в СИ.","2","4","2022-10-24 08:01:01",,"https://ons.ort.ru/botphizika/teacher/uploads/1666552288.jpg"
"106","На графике дана зависимость проекции скорости тела массой 2 кг от времени. Определите модуль силы, действующей на тело в интервале от 0 до 5 с. Ответ дайте в СИ.","10","4","2022-10-28 20:01:01",,"https://ons.ort.ru/botphizika/teacher/uploads/1666552550.jpg"
"107","На графике дана зависимость проекции скорости тела массой 2 кг от времени. Определите проекцию силы, действующей на тело в интервале от 0 до 5 с. Ответ дайте в СИ.","-10","4","2022-11-10 20:01:01",,"https://ons.ort.ru/botphizika/teacher/uploads/1666552614.jpg"
"108","На рисунке указаны векторы скорости и ускорения тела. Как направлена приложенная к телу сила?
1 - вправо
2 - влево
3 - вверх
4 - вниз
5 - она равна нулю
6 - нельзя сказать определённо","3","4","2022-11-09 08:01:00",,"https://ons.ort.ru/botphizika/teacher/uploads/1666552854.jpg"
"109","На рисунке указаны векторы ускорения тела и равнодействующей всех сил, действующих на тело. Как направлена скорость тела?
1 - вправо
2 - влево
3 - вверх
4 - вниз
5 - она равна нулю
6 - нельзя сказать определённо","6","4","2022-10-27 08:01:01",,"https://ons.ort.ru/botphizika/teacher/uploads/1666553002.jpg"
"110","Бусинка скользит по горизонтальной неподвижной спице. На рисунке изображена зависимость координаты X бусинки от времени. Выберите из списка все верные утверждения. Ответ дайте в виде последовательности цифр.
1 - участок 1 соответствует равноускоренному движению бусинки
2 - участок 2 соответствует равномерному движению бусинки
3 - проекция скорости бусинки на участке 1 положительна
4 - проекция скорости бусинки на участке 2 положительна
5 - проекция ускорения бусинки на участке 1 равна нулю
6 - проекция ускорения бусинки на участке 2 равна нулю","356","1","2022-11-05 20:01:01",,"https://ons.ort.ru/botphizika/teacher/uploads/1667314893.jpg"
"111","Температура медной детали массой 300 г изменилась от 20  до 80 градусов по Цельсию. Какое количество теплоты передано детали? Ответ дайте в СИ. Удельная теплоёмкость меди равна 380 Дж/(кг*С). ","6840","2","2022-11-08 08:01:01",,
"112","На какое количество земных радиусов должен удалиться космический корабль от поверхности Земли, чтобы действующая на него сила тяжести уменьшилась в четыре раза?","1","4","2022-11-06 20:01:00",,
"113","Космический корабль взлетел с поверхности Земли и удалился от неё на такое расстояние, что действующая на него сила тяжести уменьшилась в 36 раз. Выразите расстояние до корабля в радиусах Земли.","5","4","2022-11-15 08:01:02",,
"114","Во сколько раз изменится сила притяжения между двумя телами, если массу одного из них уменьшить вдвое, а расстояние между телами уменьшить втрое?","4,5","4","2022-11-11 08:01:01",,
"115","Определите ускорение свободного падения на планете Плюк,  радиус которой равен 6100 км, а средняя плотность составляет 5200 кг/м^3. Гравитационную постоянную принять равной 6,7x10^-11 Н x м^2/кг^2. Ответ выразите в СИ, округлив до десятых.","8,9","4","2022-11-07 20:01:01",,
"116","18 февраля 2021 года на поверхность Марса высадился марсоход Персеверанс, имеющий массу 1025 кг. Определите силу тяжести, действующую на марсоход, если ускорение свободного падения на Марсе составляет 3,7 м/c^2. Ответ выразите в кН, округлив до десятых.","3,8","4","2022-11-08 20:01:01",,"https://ons.ort.ru/botphizika/teacher/uploads/1667737465.jpg"
"117","На полу лифта, движущегося с ускорением 2 м/с^2, направленным вертикально вверх, стоит коробка массой 5 кг. Определите вес коробки в СИ. g = 10 м/с^2.","60","4","2022-11-14 08:01:02",,
"118","Пассажиры автомобиля, движущегося со скоростью 20 м/с по выпуклому мосту, почувствовали состояние невесомости, находясь в верхней точке моста. Определите радиус кривизны моста в метрах.","40","4","2022-11-11 20:01:00",,
"119","На сколько сантиметров сожмется пружина жёсткостью 10 кН/м, если на неё подействовать с силой 500 Н?","5","4","2022-11-12 08:01:02",,
"120","Горизонтальный диск вращается с некоторой угловой скоростью. Брусок, помещённый на диск, вращается вместе с диском с той же угловой скоростью без проскальзывания. В ходе опыта угловую скорость диска увеличивают, при этом положение бруска остаётся прежним. Как изменилось центростремительное ускорение бруска?
1 - увеличилось
2 - уменьшилось
3 - не изменилось","1","1","2022-11-13 20:01:01",,
"121","Горизонтальный диск вращается с некоторой угловой скоростью. Брусок, помещённый на диск, вращается вместе с диском с той же угловой скоростью без проскальзывания. В ходе опыта брусок перемещают ближе к оси вращения, оставляя угловую скорость прежней. Как изменилось центростремительное ускорение бруска?
1 - увеличилось
2 - уменьшилось
3 - не изменилось","2","1","2022-11-12 20:01:01",,
"122","Груз массой 1,2 кг движется со скоростью 4 м/c. Какова его кинетическая энергия? Ответ дайте в Дж.","9,6","4","2022-11-20 08:01:01",,
"123","Пружина растянулась на 5 см после того, как на неё подвесили груз массой 4 кг. Определите жёсткость пружины в Н/м.","800","4","2022-11-18 08:01:01",,
"124","На наклонной плоскости под действием силы трения покоится брусок. Угол наклона плоскости уменьшили. Как изменилась сила трения, действующая на брусок?
1 - увеличилась
2 - уменьшилась
3 - не изменилась
4 - зависит от массы бруска
5 - нельзя сказать определённо","2","4","2022-11-21 20:01:01",,
"125","На шероховатой наклонной плоскости под действием силы трения покоится металлический брусок. Угол наклона плоскости уменьшили. Как изменилась сила реакции опоры, действующая на брусок?
1 - увеличилась
2 - уменьшилась
3 - не изменилась
4 - зависит от массы бруска
5 - нельзя сказать определённо","1","4","2022-11-15 20:01:01",,
"126","Груз массой 0,5 кг подвешен на пружине жёсткостью 50 Н/м к потолку лифта, который поднимается с ускорением 2,5 м/с^2, направленным вверх. Определите величину деформации пружины в см. Ускорение свободного падения считать равным 10 м/c^2.","12,5","4","2022-11-13 08:01:02",,
"127","Груз массой 0,5 кг подвешен на пружине жёсткостью 50 Н/м к потолку лифта, который поднимается с ускорением, направленным вниз. Определите ускорение лифта в м/c^2, если величина деформации пружины составляет 5 см. Ускорение свободного падения считать равным 10 м/c^2.","5","4","2022-11-16 20:01:01",,
"128","В первом опыте брусок скатывается с наклонной плоскости. Во втором опыте брусок также скатывается с наклонной плоскости, но на него установлен дополнительный груз. Как при переходе от одного опыта к другому изменились:
а) сила трения, действующая на брусок;
б) коэффициент трения.

Ответ дайте в виде двух цифр.
1 - увеличилась
2 - уменьшилась
3 - не изменилась
4 - нельзя сказать определённо
5 - зависит от угла наклона плоскости","13","4","2022-11-17 08:01:01",,
"129","Пружина под действием силы 10 Н удлинилась на 2 см. Чему будет равно удлинение пружины под действием силы 12,5 Н? Ответ дайте в см.","2,5","4","2022-11-19 20:01:01",,
"130","На брусок, находящийся на горизонтальной шероховатой поверхности, начинают действовать с горизонтальной силой F. Величина силы F изменяется с течением времени так, как показано на рисунке. Масса бруска 0,5 кг, коэффициент трения бруска о плоскость 0,2. Выберите верные утверждения.
1 - в промежутке от 0 до 2 с брусок покоился
2 - в промежутке от 1 до 2 с сила трения, действующая на брусок, была равна нулю
3 - в промежутке от 3 до 5 с сила трения, действующая на брусок, была равна 1 Н
4 - ускорение бруска в момент времени 3 с было равно 1 м/c^2","13","4","2022-11-17 20:01:01",,"https://ons.ort.ru/botphizika/teacher/uploads/1668244399.jpg"
"131","Два груза подвешены на невесомой нерастяжимой нити, которая перекинута через неподвижный блок. Грузы начинают двигаться из состояния покоя с ускорением 0,25 м/с^2. Определите силу натяжения нити, если масса правого груза 1,5 кг. Ответ дайте в СИ. Трением в блоке пренебречь.","15,375","4","2022-11-14 20:01:01",,"https://ons.ort.ru/botphizika/teacher/uploads/1668244781.jpg"
"132","Выберите верные утверждения:
1 - при равномерном движении тело за каждую секунду совершает одинаковые перемещения
2 - кинетическая энергия тела зависит от его скорости
3 - равнодействующая сил, действующих на тело в инерциальной системе отсчёта, всегда равна нулю
4 - сила упругости всегда направлена в сторону, противоположную деформации
5 - скорость диффузии жидкостей повышается с повышением температуры
6 - при равноускоренном движении вектор скорости и ускорения тела лежат на одной прямой
Ответ дайте в виде цифр","2456","4","2022-11-18 20:01:01",,
"133","Из приведённых графиков выберите те, которые отображают
А - зависимость центростремительного ускорения точки, движущейся по окружности радиуса R, от угловой скорости
Б - зависимость центростремительного ускорения точки, движущейся с постоянной линейной скоростью, от расстояния до оси вращения","12","4","2022-11-16 08:01:01",,"https://ons.ort.ru/botphizika/teacher/uploads/1668245310.jpg"
"134","Искусственный спутник планеты Плюк перешёл с одной круговой орбиты на другую. Центростремительное ускорение спутника на новой орбите увеличилось. Как изменились:
А - период обращения спутника
Б - линейная скорость движения спутника по орбите
B - угловая скорость движения спутника по орбите

Ответ дайте в виде последовательности цифр:
1 - увеличился
2 - уменьшился
3 - не изменился","212","4","2022-11-19 08:01:01",,
"135","Система состоит из двух тел массами 5 кг и 3 кг. Скорости тел направлены в противоположные стороны и равны соответственно 2 м/c и 1 м/c. Определите импульс системы.","7","4","2022-11-21 08:01:01",,
"136","Система состоит из двух тел массами 5 кг и 3 кг. Векторы скоростей тел перпендикулярны друг другу и равны соответственно 2 м/c и 5 м/c. Определите импульс системы. Ответ округлите до целых.","18","4","2022-11-20 20:01:01",,
"137","Система состоит и двух тел. Векторы импульсов тел указаны на рисунке. Определите импульс системы, ответ округлите до целых.","18","4","2022-12-10 08:01:00",,"https://ons.ort.ru/botphizika/teacher/uploads/1668938352.png"
"138","Тело массой 2 кг равномерно движется по окружности со скоростью 5 м/c. Определите изменение импульса тела за половину периода в СИ.","20","4","2022-11-24 20:01:01",,
"139","Тело массой 2 кг равномерно движется по окружности со скоростью 5 м/c. Определите изменение импульса тела за четверть периода в СИ. Ответ округлите до целых","14","4","2022-11-22 20:01:01",,
"140","Тело массой 2 кг равномерно движется по окружности со скоростью 5 м/c. Определите изменение импульса тела за одну шестую часть периода в СИ.","10","4","2022-11-22 08:01:01",,
"141","Тело движется по прямой в одном направлении. Под действием постоянной силы за 4 с импульс тела изменился на 10 кг*м/с. Каков модуль силы?","2,5","4","2022-11-25 20:01:01",,
"142","Материальная точка движется по прямой. Под действием постоянной силы величиной 2 Н за 8 с модуль импульса точки увеличился и стал равен 30 кг*м/с. Каков первоначальный импульс точки?","14","4","2022-11-29 20:01:01",,
"143","Трактор имеет скорость 18 км/ч, а грузовик - 72 км/ч. Масса трактора 36 т. Отношение величины импульса трактора к величине импульса грузовика равно 2,25. Чему равна масса грузовика? ","4000","4","2022-11-26 20:01:01",,
"144","По графику определите проекцию ускорения тела в интервале времени от 5 до 6 с.","-8","1","2022-11-24 08:01:01",,"https://ons.ort.ru/botphizika/teacher/uploads/1669136930.jpg"
"145","По горизонтальной поверхности равномерно тянут ящик массой 8 кг, приложив к нему горизонтальную силу 24 Н. Определите коэффициент трения скольжения.","0,3","4","2022-11-27 08:01:01",,
"146","Под действием постоянной силы 20 Н тело движется по прямой в инерциальной системе отсчёта. За какое время импульс тела уменьшится от 100 до 30 кг*м/с. Ответ дайте в СИ.","3,5","4","2022-11-23 20:01:01",,
"147","Координата тела, движущегося вдоль прямой, изменяется по закону: x = 7 - 4 * t^2. Определите проекцию ускорения тела на ось Х.","-8","1","2022-11-26 08:01:01",,
"148","Координата тела, движущегося вдоль прямой, изменяется по закону: x = 7t - 4t^2. Определите проекцию начальной скорости тела на ось Х.","7","1","2022-11-23 08:01:01",,
"149","Вдоль прямолинейного шоссе идёт пешеход, имеющий скорость 5 км/ч. В противоположную сторону едет автобус со скоростью 50 км/ч. С какой скоростью должен двигаться навстречу пешеходу велосипедист, чтобы его скорость относительно автобуса и относительно пешехода была одинакова? Ответ дайте в км/ч.","22,5","1","2022-11-25 08:01:01",,
"150","Под действием груза массой 0,2 кг пружина сжалась на 1,5 см. Определите сжатие пружины в см под действием ещё двух таких же грузов.","4,5","4","2022-12-03 20:01:01",,
"151","Скорость звука в воздухе составляет 340 м/c. Какова глубина вертикальной шахты, если звук выстрела, произведённого у входа в шахту на поверхности земли, вернулся к стрелку, отразившись от дна шахты, через 0,7 с после выстрела? Ответ дайте в метрах.","119","1","2022-11-27 20:01:01",,
"152","Высота полёта искусственного спутника над Землёй увеличилась с 400 до 500 км. Как изменились при этом: А) скорость обращения спутника по орбите и Б) период его обращения?

1 - увеличилась
2 - уменьшилась
3 - не изменилась

Ответ дайте в виде двух цифр.","21","4","2022-12-01 08:01:01",,
"153","Тело движется вдоль оси Оx, зависимость координаты от времени выглядит следующим образом: x = 9 - 4t^2. Установите соответствие между графиками и физическими величинами, зависимость которых от времени могут представлять эти графики.
Ответ дайте в виде двух цифр.
1 - проекция равнодействующей всех сил, действующих на тело, на ось Ох
2 - проекция импульса тела на ось Ох
3 - модуль ускорения тела
4 - проекция перемещения тела на ось Ох","12","4","2022-12-17 08:01:02",,"https://ons.ort.ru/botphizika/teacher/uploads/1669537230.jpg"
"154","В сосуде под поршнем находится вещество, поглощающее количество теплоты. Зависимость температуры вещества от времени показана на графике. Масса вещества равна 2 кг. Первоначально вещество находилось в жидком состоянии. Определите удельную теплоту парообразования вещества в кДж/кг.","150","2","2022-11-28 08:01:02",,"https://ons.ort.ru/botphizika/teacher/uploads/1669537410.jpg"
"155","На динамометр, закреплённый на штативе, подвесили груз. При этом пружина динамометра удлинилась на 3,5 см. Чему будет равно удлинение пружины динамометра, если масса груза уменьшится вдвое? Ответ дайте в см.","1,75","4","2022-11-30 20:01:01",,
"156","Камень массой 100 г падает с высоты 40 м без начальной скорости. Определите его кинетическую энергию перед падением на землю, если потеря энергии из-за сопротивления воздуха составляет 5 Дж. Ответ дайте в СИ.","35","4","2022-12-02 08:01:01",,
"157","Деревянный брусок массой 1 кг покоится на гладкой горизонтальной поверхности. На него налетает пластилиновый шарик массой 0,2 кг, скользящий по поверхности со скоростью 3 м/с. После неупругого удара брусок и шарик продолжают движение поступательно. Определите их скорость. Ответ дайте в СИ.","0,5","4","2022-12-01 20:01:02",,
"158","Координата тела, движущегося вдоль оси Ох, изменяется по закону: x = -t^2 + 5t - 4. Установите соответствие между графиками и физическими величинами, зависимости которых от времени эти графики могут представлять.
Ответ дайте в виде двух цифр.

1 - проекция скорости тела на ось х
2 - модуль ускорения тела
3 - проекция равнодействующей всех сил, действующих на тело, на ось х
4 - проекция перемещения тела на ось х","34","4","2022-12-08 08:01:01",,"https://ons.ort.ru/botphizika/teacher/uploads/1669538223.jpg"
"159","По горизонтальному мосту движутся легковой автомобиль и грузовик. Масса грузовика 4,5 т. Какова масса легкового автомобиля, если отношение потенциальной энергии грузовика к потенциальной энергии легкового автомобиля относительно уровня воды в реке равно 3? Ответ дайте в тоннах.","1,5","4","2022-12-04 08:01:01",,
"161","Груз массой 0,4 кг падает с некоторой высоты без начальной скорости. При падении происходит потеря 1 Дж энергии за счёт сопротивления воздуха. Кинетическая энергия в момент удара о землю составляет 7 Дж. С какой высоты упал груз? Ответ дайте в СИ.","2","4","2022-11-28 20:01:01",,
"162","Вертикально расположенная пружина находится в сжатом состоянии. Величина деформации равна 2 см. На пружине расположена подставка с шариком, имеющим массу 8 г. Нить, удерживающая пружину, рвётся. Определите скорость, приобретённую шариком, если жёсткость пружины составляет 10^3 Н/м. Ответ дайте в СИ.","5","4","2022-12-03 08:01:02",,
"163","К системе из бруска массой М = 1 кг и двух пружин приложена постоянная горизонтальная сила F = 12 Н. Система покоится, трение между бруском и поверхностью отсутствует. k1 = 600 Н/м, k2 = 300 Н/м. Определите величину деформации второй пружины в сантиметрах.
","4","4","2022-12-05 20:01:03",,"https://ons.ort.ru/botphizika/teacher/uploads/1669539653.jpg"
"164","К системе из бруска массой М = 1 кг и двух пружин приложена постоянная горизонтальная сила F = 12 Н. Система покоится, трение между бруском и поверхностью отсутствует. k1 = 600 Н/м, k2 = 300 Н/м. Определите величину деформации первой пружины в сантиметрах.","2","4","2022-12-02 20:01:01",,"https://ons.ort.ru/botphizika/teacher/uploads/1669539685.jpg"
"165","Камень массой 200 г упал с высоты 3 м без начальной скорости. Кинетическая энергия в момент удара равна 4,9 Дж. Определите потерю энергии в Дж при падении из-за сопротивления воздуха.","1,1","4","2022-12-06 20:01:01",,
"166","На рисунке показана зависимость координаты тела, движущегося вдоль оси х, от времени. Выберите верные утверждения. Ответ дайте в виде цифр.

1 - в точке А проекция скорости тела на ось х имеет знак ""+""
2 - в точке В ускорение тела равно нулю
3 - проекция перемещения тела при движении из А в С имеет знак ""+""
4 - на участке CD модуль скорости тела увеличивается
5 - в точке D векторы ускорения и скорости тела направлены в одну сторону ","15","1","2022-11-30 08:01:01",,"https://ons.ort.ru/botphizika/teacher/uploads/1669698430.jpg"
"167","Автомобиль массой 2 т проезжает верхнюю точку выпуклого моста, радиус кривизны которого равен 125 м. Определите силу, с которой *автомобиль действует на мост*, если скорость автомобиля равна 72 км/ч. Ускорение свободного падения принять равным 10 м/с^2. Ответ выразите в кН.","13,6","4","2022-12-07 20:01:01",,
"168","Автомобиль массой 2 т проезжает верхнюю точку выпуклого моста, радиус кривизны которого равен 125 м. Определите силу, с которой *мост действует на автомобиль*, если скорость автомобиля равна 72 км/ч. Ускорение свободного падения принять равным 10 м/с^2. Ответ выразите в кН.
	","13,6","4","2022-12-13 20:01:03",,
"169","Определите в килограммах массу груза, находящегося на правом плече рычага, если груз, подвешенный на левое плечо рычага, действует на него с силой 6 Н.","0,15","3","2022-12-05 08:01:01",,"https://ons.ort.ru/botphizika/teacher/uploads/1670137870.png"
"170","Определите массу груза в граммах, если F = 6 Н. Рычаг находится в равновесии, g = 10 м/с^2.","300","3","2022-12-06 08:01:02",,"https://ons.ort.ru/botphizika/teacher/uploads/1670138087.png"
"171","Определите в джоулях работу силы тяжести при перемещении груза массой 2,5 кг вертикально вверх на 4 м.","-100","4","2022-12-12 20:01:02",,
"172","Пуля массой 10 г летит со скоростью 400 м/c и пробивает доску. Определите модуль изменения импульса пули, если её скорость после вылета составляет 250 м/c. Ответ дайте в СИ.","1,5","4","2022-12-15 08:01:01",,
"173","Ученик проводил опыты с двумя разными пружинами. К первой пружине он подвесил груз массой 400 г, а ко второй пружине  — груз массой 100 г. Оказалось, что обе пружины растянулись на одинаковую величину. Определите отношение k2/k1 коэффициента жёсткости второй пружины к коэффициенту жёсткости первой пружины.","0,25","4","2022-12-08 20:01:01",,
"174","Определите работу силы трения в джоулях, если шкаф массой 200 кг перемещают по полу на 2 м. Коэффициент трения равен 0,2.","-800","4","2022-12-09 20:01:02",,
"175","Брусок массой 3 кг перемещается на 4 м по горизонтальной поверхности под действием силы F = 50 Н, направленной под углом α = 60° к горизонтали. Коэффициент трения равен 0,4. Определите: а) работу силы тяжести; б) работу силы F. Дайте ответ в виде двух цифр.
1) 30 Дж
2) 120 Дж
3) 12 Дж
4) 0
5) 100 Дж
6) 200 Дж
7) -48 Дж
8) - 30 Дж","45","4","2022-12-11 08:01:01",,"https://ons.ort.ru/botphizika/teacher/uploads/1670139303.png"
"176","Брусок массой 3 кг перемещается на 4 м по горизонтальной поверхности под действием силы F = 50 Н, направленной под углом α = 60° к горизонтали. Коэффициент трения равен 0,4. Определите: а) работу силы реакции опоры; б) работу силы трения. Дайте ответ в виде двух цифр.
1) 30 Дж
2) 120 Дж
3) 12 Дж
4) 0
5) 100 Дж
6) 200 Дж
7) -48 Дж
8) -30 Дж","47","4","2022-12-27 20:01:02",,"https://ons.ort.ru/botphizika/teacher/uploads/1670139354.png"
"177","Тело массой 1,5 кг соскальзывает с наклонной плоскости. Пользуясь данными на рисунке, определите работу силы тяжести в джоулях. g = 10 м/c^2.","45","4","2022-12-10 20:01:02",,"https://ons.ort.ru/botphizika/teacher/uploads/1670139564.png"
"179","Отношение импульса автобуса к импульсу грузовика равно 3,2. Каково отношение их масс, если отношение их скоростей равно 2?","1,6","4","2022-12-14 08:01:00",,
"180","Рычаг, изображённый на рисунке, находится в равновесии. Определите значение вертикальной силы F в ньютонах, если масса рычага m = 2 кг, L = 3 м, b = 1 м, масса груза M = 8 кг. Ускорение свободного падения принять равным 10 м/с^2. Ответ округлите до целых.","37","3","2022-12-07 08:01:01",,"https://ons.ort.ru/botphizika/teacher/uploads/1670140109.png"
"181","По графику определите путь, пройденный телом в интервале времени от 0 до 40 с. Ответ дайте в СИ.","450","1","2022-12-04 20:01:01",,"https://ons.ort.ru/botphizika/teacher/uploads/1670140265.jpg"
"182","Тело массой 1,5 кг соскальзывает с наклонной плоскости. Пользуясь данными на рисунке, определите изменение кинетической энергии тела джоулях. g = 10 м/c^2, трение не учитывать.","45","4","1111-11-11 11:11:11",,"https://ons.ort.ru/botphizika/teacher/uploads/1670605784.png"
"183","При помощи силы F = 10 Н, приложенной к стержню, удерживают груз массой М = 4 кг. Определите длину стержня L, если расстояние b = 1,5 м.","7,5","3","2022-12-12 08:01:01",,"https://ons.ort.ru/botphizika/teacher/uploads/1670744724.jpg"
"184","Имеются две зависимости проекции скорости тела от времени:
А) Vx = 5 - 4t
Б) Vx = 8 + 2t

Подберите для данных зависимостей соответствующие им зависимости проекции перемещения от времени.

1) Sx = 5t - 2t^2
2) Sx = 5t - 4t^2
3) Sx = 8t + 2t^2
4) Sx = 8t + t^2

Ответ дайте в виде двух цифр.","14","1","2022-12-13 08:01:01",,
"185","Из приведённых графиков выберите тот, который отображает:
А - зависимость потенциальной энергии упруго деформированной пружины жёсткостью k от удлинения пружины
Б - зависимость периода вращения материальной точки, движущейся по окружности с постоянной по модулю скоростью, от частоты вращения","12","4","2022-12-25 08:01:01",,"https://ons.ort.ru/botphizika/teacher/uploads/1670745229.jpg"
"186","Два одинаковых небольших металлических шарика массой m каждый, расстояние между центрами которых равно r, притягиваются друг к другу с силами, равными по модуля 0,54 пН. Определите модуль сил гравитационного притяжения между двумя другими шариками, массы каждого из которых составляют m/3, а расстояние между центрами 2r? Ответ дайте в пН.","0,015","4","2022-12-28 08:01:01",,
"187","Небольшой шайбе, находящейся у подножия гладкой наклонной плоскости, придали скорость. Максимальная высота, на которую может подняться шайба относительно начального положения, равна 0,6 м. Определите начальную кинетическую энергию шайбы, если её масса равна 30 г. Ответ дайте в СИ.","0,18","4","2022-12-16 08:01:01",,
"188","Имеется круглая плоская пластинка, вращающаяся в горизонтальной плоскости вокруг своего центра. Вместе с ней вращается установленный на неё кубик с некоторой угловой скоростью без проскальзывания. Угловую скорость пластинки увеличивают, при этом положение кубика на ней остаётся прежним. Как изменилась:
А) линейная скорость кубика
Б) сила трения между кубиком и опорой?
Ответ дайте в виде двух цифр.

1 - увеличилась
2 - уменьшилась 
3 - не изменилась","11","4","2022-12-19 08:01:01",,
"189","Монету бросают в момент времени t=0 с начальной скоростью V0 под углом к горизонту с балкона, находящегося на высоте h (см.рис.). Установите соответствие между графиками А, Б и величинами, зависимость которых от времени они представляют. Ответ дайте в виде двух цифр.
1 - потенциальная энергия монеты
2 - кинетическая энергия монеты
3 - проекция импульса монеты на ось Х
4 - проекция импульса монеты на ось Y","31","4","2022-12-14 20:01:01",,"https://ons.ort.ru/botphizika/teacher/uploads/1670746412.png"
"190","Шарик массой 50 г начинает скатываться по наклонной плоскости из состояния покоя с высоты 1,3 м. Определите кинетическую энергию шарика в конце спуска в джоулях. Трением и сопротивлением воздуха пренебречь.","0,65","4","2022-12-18 08:01:01",,
"191","Шарик массой 40 г начинает скатываться по наклонной плоскости из состояния покоя с высоты 1,25 м. Определите импульс шарика в конце спуска в СИ. Трением и сопротивлением воздуха пренебречь.","0,2","4","2022-12-16 20:01:01",,
"192","Монету бросают в момент времени t=0 с начальной скоростью V0 под углом к горизонту с балкона, находящегося на высоте h (см.рис.). Установите соответствие между графиками А, Б и величинами, зависимость которых от времени они представляют. Ответ дайте в виде двух цифр.
1 - потенциальная энергия монеты
2 - кинетическая энергия монеты
3 - проекция импульса монеты на ось Х
4 - проекция импульса монеты на ось Y","32","4","1111-11-11 11:11:11",,"https://ons.ort.ru/botphizika/teacher/uploads/1670746936.png"
"193","Два одинаковых шарика движутся по взаимно перпендикулярным прямым (см. рис.). Модуль импульса первого шарика p1 = 12 кг⋅м/с, а модуль импульса второго шарика p2 = 16 кг⋅м/c. Определите модуль импульса системы этих тел после их абсолютного неупругого удара. Ответ дайте в СИ.","20","4","1111-11-11 11:11:11",,"https://ons.ort.ru/botphizika/teacher/uploads/1670747183.jpg"
"194","Тело двигается по прямой в одном направлении с ускорением 5 м/с^2. Какой путь оно пройдёт за 2 с, если его скорость за это время уменьшится в 3 раза? ","20","1","2022-12-11 20:01:00",,
"195","В течение 5 с на тело массой 3 кг, движущееся прямолинейно в инерциальной системе отсчёта, действует постоянная сила, направленная в сторону скорости. При этом импульс тела увеличивается на 40 кг⋅м/c. Определите величину силы.","8","4","2022-12-28 20:01:01",,
"196","Теннисный шарик падает из окна высотного здания, полёт снимается на цифровую видеокамеру. Обработка видеозаписей позволяет построить графики зависимости пути, пройденного шариком, и его скорости, от времени. Выберите все верные утверждения, характеризующие наблюдаемое явление.

1 - величина ускорения, с которым падает шарик, уменьшается в интервале 0...t3 и равна нулю при t>t3
2 - в течение всего времени падения расстояние от шарика до земли монотонно убывает
3 - в течение всего времени падения величина импульса шарика постоянно возрастает
4 - в течение всего времени падения кинетическая энергия шарика увеличивается
5 - в течение всего времени падения сумма кинетической и потенциальной энергии шарика остаётся постоянной","1","4","2022-12-24 08:01:01",,"https://ons.ort.ru/botphizika/teacher/uploads/1670748086.jpg"
"197","Камень бросили под углом к горизонту. Сопротивление воздуха пренебрежимо мало. Укажите, как меняются по мере подъёма камня:
А - модуль ускорения камня
Б - кинетическая энергия камня
В - потенциальная энергия камня
Г - модуль импульса камня

Ответ дайте в виде четырёх цифр.

1 - увеличивается
2 - уменьшается
3 - не изменяется","3212","4","2022-12-15 20:01:01",,
"198","Имеются следующие зависимости величин:
А) зависимость сопротивления цилиндрического алюминиевого проводника площадью поперечного сечения S от его длины
Б) зависимость кинетической энергии тела массой m от скорости его движения

Установите соответствия между этими зависимостями и графиками. Ответ дайте в виде двух цифр.","51","4","2022-12-20 08:01:01",,"https://ons.ort.ru/botphizika/teacher/uploads/1671251071.jpg"
"199","С какой скоростью едет автобус массой 8т, если его кинетическая энергия составляет 900 кДж? Ответ дайте в СИ.","15","4","2022-12-27 08:01:01",,
"200","Тело массой 20 кг движется в инерциальной системе отсчёта вдоль оси Ох. Зависимость проекции скорости тела от времени дана на рисунке.

Выберите верные утверждения. Ответ дайте в виде цифр.

1) в промежутке времени от 0 до 30 с проекция перемещения тела в два раза меньше, чем в промежутке времени от 60 до 90 с
2) в момент времени 20 с проекция на ось Ох равнодействующей сил, действующих на тело, положительна
3) в промежутке времени от 0 до 30 с направление равнодействующей сил, действующих на тело, совпадает с направлением скорости тела
4) в промежутке времени от 10 до 30 с равнодействующая сил, действующих на тело, совершает работу, равную нулю
5) кинетическая энергия тела в момент времени 15 с равна 40 Дж","235","4","2022-12-21 08:01:01",,"https://ons.ort.ru/botphizika/teacher/uploads/1671251674.jpg"
"201","Под действием постоянной силы, равной по модулю 80 Н, тело движется в инерциальной системе отсчёта по прямой в одном направлении. За какое время импульс тела уменьшится от 100 до 30 кг*м/с? Ответ дайте в СИ.","0,875","4","1111-11-11 11:11:11",,
"202","Выберите все верные утверждения. Ответ дайте в виде цифр.

1) энергия характеризует способность тела совершать работу
2) конденсация - это процесс преобразования пара в твёрдое вещество, минуя жидкую фазу
3) ориентация магнитной стрелки в пространстве какой-либо планеты свидетельствует о наличии у этой планеты магнитного поля
","13","4","2022-12-23 20:01:01",,
"203","Имеются зависимости величин:
А) зависимость силы тока через участок цепи, содержащий резистор, от сопротивления резистора при постоянном напряжении на нём
Б) зависимость потенциальной энергии тела от его массы

Установите соответствия между зависимостями и графиками. Ответ дайте в виде двух цифр.","25","4","2022-12-22 08:01:01",,"https://ons.ort.ru/botphizika/teacher/uploads/1671252199.jpg"
"204","Выберите все верные утверждения:
1) время соскальзывания бруска с гладкой наклонной плоскости высоты h не зависит от угла наклона плоскости к горизонту
2) при кристаллизации вещества постоянной массы его внутренняя энергия увеличивается
3) разноимённые электрические заряды отталкиваются друг от друга

Ответ дайте в виде цифр.","1","4","1111-11-11 11:11:11",,
"205","Деревянный брусок массой 1 кг покоится на гладкой горизонтальной поверхности. На него со скоростью 3 м/c  налетает другой деревянный брусок, имеющий массу 0,2 кг. В результате неупругого удара тела продолжают поступательное движение как единое целое. 

Выберите все верные утверждения о результатах данного опыта:

1) скорость брусков после соударения равна 1 м/с
2) в результате соударения выделилось количество теплоты, равное 0,6 Дж
3) кинетическая энергия первого бруска после соударения равна 0,125 Дж
4) суммарный импульс тел после удара равен 0,6 кг*м/c
5) общая кинетическая энергия системы двух рассматриваемых тел при ударе не изменилась","124","4","2022-12-31 08:01:02",,
"206","К пластинке неправильной формы приложена сила F = 8 Н, которая вращает его против часовой стрелки вокруг оси А (см. рис.). Определите момент силы F, если a = 6 см, b = 4 см, с = 5 см. Ответ дайте в СИ.","0,32","3","2022-12-19 20:01:01",,"https://ons.ort.ru/botphizika/teacher/uploads/1671254239.jpg"
"207","К телу приложена сила F, которая создаёт вращающий момент. Расстояние от оси вращения до точки приложения силы задаётся вектором r (см.рис.). Что необходимо сделать, чтобы увеличить момент силы F? Выберите из перечисленных все возможные варианты, ответ дайте в виде двух цифр.

1 - переместить точку приложения силы так, чтобы увеличить r
2 - переместить точку приложения силы так, чтобы уменьшить r
3 - начать изменять направление силы F так, чтобы угол α стал увеличиваться
4 - начать изменять направление силы F так, чтобы угол α стал уменьшаться
5 - сделать параллельный перенос вектора силы так, чтобы расстояние l уменьшилось
6 - сделать параллельный перенос вектора силы так, чтобы расстояние l увеличилось","136","3","2022-12-17 20:01:01",,"https://ons.ort.ru/botphizika/teacher/uploads/1671254733.jpg"
"208","На доске расположено тело, все действующие на тело силы изображены на рисунке. Доска может вращаться вокруг точки О. Момент какой из сил в данном случае будет являться наименьшим?

1 - F1
2 - F2
3 - mg
4 - Fтр
5 - N","4","3","2022-12-18 20:01:01",,"https://ons.ort.ru/botphizika/teacher/uploads/1671255107.png"
"209","К рычагу приложены две силы F1 = 2 Н, F2 = 2,5 Н (см.рис.). Во сколько раз различаются моменты сил F1 и F2, если d1 в два раза больше d2?","1,6","3","2022-12-22 20:01:01",,"https://ons.ort.ru/botphizika/teacher/uploads/1671255505.jpg"
"211","К равноплечему рычагу приложены две одинаковые силы F1 и F2 так, как показано на рисунке. Что будет происходить с рычагом? Ответ дайте в виде цифр.

1 - рычаг будет в горизонтальном положении, так как выполняется закон равновесия рычага
2 - рычаг будет вращаться, так как момент силы F1 больше момента силы F2
3 - рычаг будет вращаться,  так как момент силы F2 больше момента силы F1
4 - рычаг будет вращаться по часовой стрелке
5 - рычаг будет вращаться против часовой стрелки","34","3","2022-12-21 20:01:01",,"https://ons.ort.ru/botphizika/teacher/uploads/1671256044.jpg"
"212","В инерциальной системе отсчёта сила 50 Н сообщает телу массой 5 кг некоторое ускорение. Какова масса тела, которому сила 60 Н сообщает такое же ускорение? Ответ дайте в кг.","6","4","2022-12-23 08:01:01",,
"213","Какие из перечисленных колебаний являются свободными? 

1 - груза, прикреплённого к пружине
2 - колебания качелей, раскачиваемых человеком, стоящим на земле
3 - колебания груза, подвешенного на нити
4 - колебания голосовых связок при пении

Укажите все верные утверждения. Ответ дайте в виде цифр.
","13","4","2022-12-30 08:01:01",,
"214","Какие из перечисленных колебаний являются свободными? 

1 - иглы швейной машины при шитье
2 - ветки, с которой слетела птица
3 - мембраны телефона при разговоре
4 - боксёрской груши при периодических ударах
5 - шарика внутри чаши после толчка

Укажите все верные утверждения. Ответ дайте в виде цифр.","25","4","2022-12-30 20:01:01",,
"215","Амплитуда и частота колебаний равны:

1) 1 м; 20 Гц
2) 0,5 м; 0,05 Гц
3) 0,5 м; 10 Гц
4) 1 м; 0,05 Гц
","4","4","2022-12-26 08:01:01",,"https://ons.ort.ru/botphizika/teacher/uploads/1671859051.jpg"
"216","Амплитуда смещения и частота колебаний равны

1) 0,5 м; 3,33 Гц
2) 1 м; 1,25 Гц
3) 0,5 м; 1,25 Гц
4) 1 м; 3,33 Гц
","3","4","1111-11-11 11:11:11",,"https://ons.ort.ru/botphizika/teacher/uploads/1671859106.jpg"
"217","Амплитуда и частота колебаний равны:

1) 20 см; 0,5 Гц
2) 20 см; 0,25 Гц
3) 40 см; 2 Гц
4) 40 см; 4 Гц
","2","4","1111-11-11 11:11:11",,"https://ons.ort.ru/botphizika/teacher/uploads/1671859208.jpg"
"218","На блок, имеющий два шкива радиусами r1 = 15 см и r2 = 5 см, действуют две силы (см. рис.). Определите значение силы N2, если N1 = 7 Н. Ответ дайте в ньютонах.","21","3","2022-12-25 20:01:01",,"https://ons.ort.ru/botphizika/teacher/uploads/1671859655.png"
"219","Два одинаковых бруска массой 1 кг каждый и толщиной 5 см, связаны друг с другом. Бруски плавают в воде так, что уровень воды приходится на границу между ними (см.рис.).

Выберите все верные утверждения. Плотность воды равна 1000 кг/м^3, плотность керосина 800 кг/м^3.

1) плотность материала, из которого изготовлены бруски, равна 1000 кг/м^3
2) сила Архимеда, действующая на бруски, равна 10 Н
3) если воду заменить на керосин, то глубина погружения брусков увеличится
4) если на верхний брусок положить груз массой 0,7 кг, то бруски утонут
5) если в стопку добавить ещё один такой брусок, то глубина погружения увеличится на 2,5 см","35","3","2022-12-24 20:01:01",,"https://ons.ort.ru/botphizika/teacher/uploads/1671860331.jpg"
"220","Два одинаковых бруска массой 1 кг каждый и толщиной 5 см, связаны друг с другом. Бруски плавают в воде так, что уровень воды приходится на границу между ними (см.рис.).

Выберите все верные утверждения. Плотность воды равна 1000 кг/м^3, плотность керосина 800 кг/м^3.

1) плотность материала, из которого изготовлены бруски, равна 500 кг/м^3
2) сила тяжести, действующая на бруски, равна сила Архимеда
3) если воду заменить на керосин, то глубина погружения брусков уменьшится
4) если на верхний брусок положить груз массой 0,2 кг, то бруски утонут
5) если в стопку добавить ещё один такой брусок, то глубина погружения увеличится на 5 см
6) сила тяжести, действующая на бруски, равна 20 Н","12","3","2022-12-26 20:01:01",,"https://ons.ort.ru/botphizika/teacher/uploads/1671860437.jpg"
"221","Период вертикальных колебаний пружинного маятника равен 0,5 с. Каким станет период колебаний этого маятника, если массу груза маятника уменьшить в 2 раза, а жёсткость пружины увеличить в 2 раза? Ответ дайте в секундах.","0,125","4","1111-11-11 11:11:11",,
"222","Кирпич массой 5 кг лежит на горизонтальной кладке стены, покрытой раствором. Какое давление оказывает кирпич на стену, если площадь грани, на которой он лежит, равна 200 см^2? Ответ дайте в кПа.","2,5","4","2022-12-29 08:01:01",,
"223","Кирпич массой 4 кг лежит на горизонтальной кладке стены, покрытой раствором, оказывая на неё давление 2,5 кПа. Какова площадь грани, на которой лежит кирпич? Ответ дайте в см^2.","160","4","2022-12-29 20:01:01",,
